City_ID,City,Country,Lat,Lng,Max Temp,Humidity,Cloudiness,Wind Speed,Current Description
0,Albany,US,42.6001,-73.9662,52.45,80,8,4.32,clear sky
1,Carnarvon,AU,-24.8667,113.6333,67.91,62,91,21.32,overcast clouds
2,Maierus,RO,45.9,25.5333,51.57,89,81,3.13,broken clouds
3,Nanortalik,GL,60.1432,-45.2371,39.81,96,100,9.1,light rain
4,Hithadhoo,MV,-0.6,73.0833,80.69,77,100,15.68,overcast clouds
5,New Norfolk,AU,-42.7826,147.0587,62.71,52,99,4.0,overcast clouds
6,Avarua,CK,-21.2078,-159.775,77.05,69,75,14.97,broken clouds
7,Ancud,CL,-41.8697,-73.8203,43.27,86,1,4.74,clear sky
8,Puerto Ayora,EC,-0.7393,-90.3518,66.54,90,100,5.99,overcast clouds
9,Port Alfred,ZA,-33.5906,26.891,64.06,86,89,10.8,overcast clouds
10,Mar Del Plata,AR,-38.0023,-57.5575,48.87,74,0,4.0,clear sky
11,Tautira,PF,-17.7333,-149.15,76.8,77,48,11.9,light rain
12,Sitka,US,57.0531,-135.33,55.29,71,75,13.8,broken clouds
13,Hutchinson,US,38.0608,-97.9298,69.75,62,0,0.0,clear sky
14,Skoghall,SE,59.3232,13.4655,51.33,86,9,19.04,clear sky
15,Pochutla,MX,15.7432,-96.4661,81.82,82,12,2.84,few clouds
16,Pacific Grove,US,36.6177,-121.9166,68.23,88,100,6.91,overcast clouds
17,Kapaa,US,22.0752,-159.319,84.18,61,0,9.22,clear sky
18,Cabo San Lucas,MX,22.8909,-109.9124,90.7,70,0,5.99,clear sky
19,Arraial Do Cabo,BR,-22.9661,-42.0278,69.89,97,100,14.58,light rain
20,Voyvozh,RU,62.892,54.9635,43.66,92,100,7.7,overcast clouds
21,Tambilil,PH,5.9622,124.6697,85.89,68,22,3.27,few clouds
22,Puerto Quijarro,BO,-17.7833,-57.7667,65.17,84,100,4.38,overcast clouds
23,Kodiak,US,57.79,-152.4072,49.51,29,0,10.36,clear sky
24,Rikitea,PF,-23.1203,-134.9692,71.55,73,1,13.82,clear sky
25,Abonnema,NG,4.7084,6.7931,75.65,91,100,3.58,overcast clouds
26,Bubanza,BI,-3.1167,29.4,70.77,62,11,3.04,few clouds
27,Calama,CL,-22.4667,-68.9333,57.69,9,0,13.8,clear sky
28,Luderitz,NA,-26.6481,15.1594,65.19,62,100,4.45,overcast clouds
29,Hanna,CA,51.6334,-111.9018,64.85,34,100,3.76,overcast clouds
30,Busselton,AU,-33.65,115.3333,57.22,64,49,21.85,scattered clouds
31,Sao Felix Do Xingu,BR,-6.6447,-51.995,77.85,67,93,2.08,overcast clouds
32,Biak,ID,-0.9131,122.8766,83.05,67,83,4.68,broken clouds
33,Port Lincoln,AU,-34.7333,135.8667,62.87,54,100,15.37,overcast clouds
34,Bulaevo,KZ,54.9056,70.4439,43.59,81,100,9.24,overcast clouds
35,Taltal,CL,-25.4,-70.4833,58.37,74,22,3.91,few clouds
36,Faanui,PF,-16.4833,-151.75,78.76,73,8,16.87,light rain
37,Korla,CN,41.7597,86.1469,53.26,24,0,3.78,clear sky
38,Jalu,LY,29.0331,21.5482,67.57,52,0,7.16,clear sky
39,Airai,TL,-8.9266,125.4092,72.75,52,100,3.24,overcast clouds
40,Bluff,NZ,-46.6,168.3333,57.38,62,100,13.49,moderate rain
41,Tirthahalli,IN,13.7,75.2333,69.19,97,100,1.23,overcast clouds
42,Ostrovnoy,RU,68.0531,39.5131,40.3,81,98,19.82,overcast clouds
43,New Waterford,US,40.8451,-80.6145,52.05,74,58,6.06,broken clouds
44,Fortuna,US,40.5982,-124.1573,58.93,88,100,6.91,overcast clouds
45,Paamiut,GL,61.994,-49.6678,38.61,92,100,24.81,light rain
46,Jamestown,US,42.097,-79.2353,53.19,41,0,5.75,clear sky
47,Dikson,RU,73.5069,80.5464,34.18,98,100,20.71,light snow
48,Rock Springs,US,41.5875,-109.2029,65.64,24,0,4.61,clear sky
49,Cape Town,ZA,-33.9258,18.4232,63.27,76,0,12.66,clear sky
50,Vaini,TO,-21.2,-175.2,74.46,83,100,6.89,moderate rain
51,Hermanus,ZA,-34.4187,19.2345,61.81,92,100,13.71,overcast clouds
52,Ahipara,NZ,-35.1667,173.1667,63.28,62,99,11.07,overcast clouds
53,Benjamin Constant,BR,-4.3831,-70.0311,73.53,77,95,1.74,light rain
54,Along,IN,28.1667,94.7667,71.29,100,100,1.12,overcast clouds
55,Butaritari,KI,3.0707,172.7902,81.46,76,27,13.69,light rain
56,Castro,BR,-24.7911,-50.0119,60.03,97,100,11.03,light rain
57,Atuona,PF,-9.8,-139.0333,76.68,70,12,17.78,few clouds
58,Saldanha,ZA,-33.0117,17.9442,59.05,79,100,7.87,overcast clouds
59,Saint George,US,37.1041,-113.5841,87.44,21,0,4.0,clear sky
60,Sorland,NO,67.667,12.6934,51.66,80,100,36.44,overcast clouds
61,Ushuaia,AR,-54.8,-68.3,44.26,81,75,4.61,broken clouds
62,Seeboden,AT,46.8219,13.495,54.54,96,100,1.54,overcast clouds
63,Alugan,PH,12.2188,125.4808,84.24,72,100,8.1,overcast clouds
64,Mount Isa,AU,-20.7333,139.5,80.37,26,0,8.05,clear sky
65,Igarka,RU,67.4667,86.5833,38.14,96,100,13.04,overcast clouds
66,Hilo,US,19.7297,-155.09,83.93,77,75,9.22,broken clouds
67,Kalia,BD,23.0396,89.6328,78.8,87,32,3.11,scattered clouds
68,Yatou,CN,37.15,122.3833,53.1,55,36,20.65,scattered clouds
69,Southbridge,US,42.0751,-72.0334,51.89,83,10,1.01,clear sky
70,Mataura,NZ,-46.1927,168.8643,58.23,60,100,5.37,moderate rain
71,Vilyuysk,RU,63.7553,121.6247,32.79,98,100,3.44,overcast clouds
72,Zabol,AF,32.25,67.25,49.53,10,0,5.41,clear sky
73,Bredasdorp,ZA,-34.5322,20.0403,60.62,97,100,11.7,overcast clouds
74,Cairns,AU,-16.9167,145.7667,87.75,55,75,12.66,broken clouds
75,Hobart,AU,-42.8794,147.3294,63.05,54,75,11.5,broken clouds
76,Salalah,OM,17.0151,54.0924,73.45,65,99,1.3,overcast clouds
77,Pevek,RU,69.7008,170.3133,26.13,73,100,23.17,overcast clouds
78,Tiksi,RU,71.6872,128.8694,13.73,96,98,9.33,overcast clouds
79,Punta Arenas,CL,-53.15,-70.9167,48.31,66,75,21.85,broken clouds
80,Worcester,US,42.3334,-71.8328,50.81,83,6,4.83,clear sky
81,Georgetown,MY,5.4112,100.3354,82.33,88,20,3.44,few clouds
82,Lagoa,PT,39.05,-27.9833,70.38,92,0,11.05,clear sky
83,Ilulissat,GL,69.2167,-51.1,14.23,62,66,5.12,broken clouds
84,Ribeira Grande,PT,38.5167,-28.7,70.77,88,5,1.99,clear sky
85,Saint-Philippe,RE,-21.3585,55.7679,67.59,79,35,10.13,scattered clouds
86,Ola,RU,59.5833,151.2833,28.15,75,50,3.22,scattered clouds
87,Lebu,CL,-37.6167,-73.65,49.15,83,0,22.44,clear sky
88,Ambilobe,MG,-13.2,49.05,63.7,72,0,4.03,clear sky
89,Kalmar,SE,56.6616,16.3616,46.96,100,13,3.44,few clouds
90,Kovdor,RU,67.5662,30.4758,33.53,87,1,7.49,clear sky
91,Valle Hermoso,MX,25.6667,-97.8333,82.26,55,21,10.49,few clouds
92,Codajas,BR,-3.8367,-62.0569,84.49,39,100,1.72,overcast clouds
93,Vazante,BR,-17.9869,-46.9078,74.14,77,100,3.09,moderate rain
94,Walvis Bay,NA,-22.9575,14.5053,58.08,93,83,5.57,broken clouds
95,Wakkanai,JP,45.4094,141.6739,53.58,82,75,11.5,broken clouds
96,Upernavik,GL,72.7868,-56.1549,11.21,72,23,5.39,few clouds
97,Port Elizabeth,ZA,-33.918,25.5701,63.32,99,100,8.05,mist
98,Atasu,KZ,48.6814,71.6433,37.99,76,6,4.14,clear sky
99,Iqaluit,CA,63.7506,-68.5145,28.13,79,100,15.01,overcast clouds
100,Vila Franca Do Campo,PT,37.7167,-25.4333,73.2,92,44,6.42,scattered clouds
101,Mandan,US,46.8267,-100.8896,58.37,67,20,9.22,few clouds
102,Valdivia,CL,-39.8142,-73.2459,50.09,84,0,3.04,clear sky
103,Kaeo,NZ,-35.1,173.7833,66.33,74,98,10.2,overcast clouds
104,Grants Pass,US,42.439,-123.3284,88.39,28,0,8.05,clear sky
105,Bucerias,MX,20.75,-105.3333,80.69,85,0,2.42,clear sky
106,Nome,US,64.5011,-165.4064,35.67,56,100,13.8,overcast clouds
107,Tessalit,ML,20.1986,1.0114,83.73,18,5,10.74,clear sky
108,Namatanai,PG,-3.6667,152.4333,84.99,53,67,8.01,broken clouds
109,Isangel,VU,-19.55,169.2667,79.18,71,19,17.81,few clouds
110,Albino,IT,45.7638,9.7964,61.36,94,75,3.44,broken clouds
111,Coahuayana,MX,18.7333,-103.6833,79.84,88,3,2.21,clear sky
112,Tasiilaq,GL,65.6145,-37.6368,26.02,92,100,8.48,overcast clouds
113,Nhulunbuy,AU,-12.2333,136.7667,88.41,62,75,14.97,broken clouds
114,Sao Joao De Pirabas,BR,-0.7747,-47.1772,79.7,81,12,7.96,few clouds
115,San Patricio,US,28.017,-97.5169,82.26,60,5,11.45,clear sky
116,Aklavik,CA,68.2191,-135.0107,33.15,92,100,19.53,overcast clouds
117,Lavrentiya,RU,65.5833,-171.0,32.09,54,8,13.31,clear sky
118,Cherskiy,RU,68.75,161.3,20.53,92,100,17.69,overcast clouds
119,Panalingaan,PH,8.7842,117.4231,81.79,79,100,3.06,overcast clouds
120,Hami,CN,42.8,93.45,55.06,18,0,1.28,clear sky
121,Nanlong,CN,31.3533,106.0631,57.99,65,100,2.53,overcast clouds
122,Zhanaozen,KZ,43.3,52.8,57.47,33,92,25.52,overcast clouds
123,Rawson,AR,-43.3002,-65.1023,55.31,40,0,17.96,clear sky
124,Piet Retief,ZA,-27.0071,30.8132,62.49,56,91,2.37,overcast clouds
125,Caravelas,BR,-17.7125,-39.2481,75.34,82,0,6.55,clear sky
126,Beringovskiy,RU,63.05,179.3167,34.34,44,13,7.2,few clouds
127,High Rock,BS,26.6208,-78.2833,77.02,76,10,10.13,clear sky
128,Qidong,CN,31.8128,121.6561,58.93,44,0,18.14,clear sky
129,Lompoc,US,34.6391,-120.4579,69.01,84,100,10.36,overcast clouds
130,Ponta Do Sol,PT,32.6667,-17.1,68.72,69,22,3.13,few clouds
131,Nikolskoye,RU,59.7035,30.7861,42.8,96,9,5.23,clear sky
132,Markova,UA,48.6758,24.4138,39.99,92,1,2.48,clear sky
133,Kristiinankaupunki,FI,62.2743,21.376,49.98,89,100,16.17,overcast clouds
134,Osmena,PH,10.5208,119.9258,83.71,71,47,11.52,scattered clouds
135,Mehamn,NO,71.0357,27.8492,44.55,81,100,20.71,overcast clouds
136,Emba,KZ,48.8264,58.1442,46.58,51,0,6.51,clear sky
137,Krasnoshchekovo,RU,51.6708,82.7289,45.37,84,99,12.41,overcast clouds
138,Barrow,US,71.2906,-156.7887,33.82,80,100,10.36,overcast clouds
139,Bayburt,TR,40.2589,40.2278,45.91,88,8,2.19,clear sky
140,Norman Wells,CA,65.282,-126.8329,53.64,62,75,5.75,broken clouds
141,Lorengau,PG,-2.0226,147.2712,84.56,57,89,10.58,overcast clouds
142,Esperance,AU,-33.8667,121.9,60.64,81,89,12.44,overcast clouds
143,Port Keats,AU,-14.25,129.55,92.46,40,75,8.93,broken clouds
144,Grand Gaube,MU,-20.0064,57.6608,70.38,69,13,5.01,few clouds
145,Kabalo,CD,-6.05,26.9167,70.45,65,10,3.04,clear sky
146,Sapa,PH,5.1544,120.3241,83.16,75,100,5.66,overcast clouds
147,Samarai,PG,-10.6167,150.6667,83.52,74,91,14.54,overcast clouds
148,Husavik,IS,66.0449,-17.3389,33.48,98,100,39.75,snow
149,Qaanaaq,GL,77.484,-69.3632,7.47,71,16,7.61,few clouds
150,Bulgan,MN,48.8125,103.5347,33.22,52,9,2.57,clear sky
151,Nuuk,GL,64.1835,-51.7216,34.56,97,100,14.94,light snow
152,Vardo,NO,70.3705,31.1107,40.98,81,100,12.66,overcast clouds
153,Mbanza-Ngungu,CD,-5.25,14.8667,71.17,87,99,4.07,overcast clouds
154,Moerai,PF,-22.4333,-151.3333,71.6,79,41,27.94,light rain
155,Havre-Saint-Pierre,CA,50.2334,-63.5986,41.0,93,100,6.91,overcast clouds
156,Kampene,CD,-3.6,26.6667,64.81,84,24,2.17,few clouds
157,Rorvik,NO,64.8621,11.2373,51.91,62,20,10.36,few clouds
158,Kamenka,RU,51.3223,42.7678,53.37,65,100,7.23,overcast clouds
159,Huicheng,CN,23.0385,116.2899,69.13,66,83,14.99,broken clouds
160,Santa Cecilia,BR,-26.9608,-50.4269,53.64,99,100,4.25,overcast clouds
161,Provideniya,RU,64.3833,-173.3,35.71,60,20,8.99,few clouds
162,Flin Flon,CA,54.7682,-101.865,49.01,68,100,6.53,overcast clouds
163,Juneau,US,58.3019,-134.4197,53.6,88,75,6.91,shower rain
164,Yonago,JP,35.4333,133.3333,64.33,77,75,12.66,broken clouds
165,Gulu,UG,2.7746,32.299,64.09,95,100,4.74,light rain
166,Peniche,PT,39.3558,-9.3811,60.3,94,48,4.21,scattered clouds
167,Hirara,JP,24.8,125.2833,76.86,88,75,24.16,broken clouds
168,Uusikaupunki,FI,60.8004,21.4084,51.49,86,100,16.11,overcast clouds
169,Meulaboh,ID,4.1363,96.1285,78.1,81,95,2.95,overcast clouds
170,Abu Dhabi,AE,24.4667,54.3667,82.42,69,0,1.14,clear sky
171,Huilong,CN,31.8111,121.655,58.93,44,0,18.14,clear sky
172,Hasaki,JP,35.7333,140.8333,64.8,88,96,22.97,overcast clouds
173,Rawlins,US,41.7911,-107.2387,58.35,29,36,6.33,scattered clouds
174,Kenora,CA,49.8167,-94.4337,47.37,42,20,4.61,few clouds
175,Boguchany,RU,58.3814,97.4531,39.2,88,100,3.09,overcast clouds
176,Laguna,US,38.421,-121.4238,91.76,37,0,5.75,clear sky
177,Sumbe,AO,-11.2061,13.8437,72.73,86,2,5.93,clear sky
178,Toamasina,MG,-18.1667,49.3833,64.4,94,40,0.0,scattered clouds
179,Kushima,JP,31.4583,131.2333,71.58,62,2,13.65,clear sky
180,Berlevag,NO,70.8578,29.0864,44.6,87,100,20.71,overcast clouds
181,Souillac,MU,-20.5167,57.5167,70.18,73,20,11.5,light rain
182,Khatanga,RU,71.9667,102.5,1.44,98,30,4.23,scattered clouds
183,La Asuncion,VE,11.0333,-63.8628,82.13,78,100,11.5,overcast clouds
184,Saint-Georges,GD,12.0564,-61.7485,78.48,89,75,0.0,broken clouds
185,Itarema,BR,-2.9248,-39.9167,78.93,82,17,17.69,few clouds
186,Santa Helena,BR,-2.2311,-45.3,73.83,94,69,3.44,broken clouds
187,Ulladulla,AU,-35.35,150.4667,55.33,66,81,4.63,broken clouds
188,Dukat,RU,62.55,155.55,16.65,80,25,2.75,scattered clouds
189,Uglich,RU,57.5275,38.3317,41.88,94,94,4.83,overcast clouds
190,Manyana,BW,-23.4,21.7167,67.3,22,0,8.61,clear sky
191,Klaksvik,FO,62.2266,-6.589,43.72,77,99,35.52,light rain
192,Tual,ID,-5.6667,132.75,83.55,74,82,10.65,broken clouds
193,Mayo,US,38.8876,-76.5119,55.11,83,0,7.2,clear sky
194,Mahebourg,MU,-20.4081,57.7,70.25,73,20,11.5,few clouds
195,Torbay,CA,47.6666,-52.7314,46.49,90,20,9.22,few clouds
196,Touros,BR,-5.1989,-35.4608,76.95,83,19,13.42,few clouds
197,Omboue,GA,-1.5746,9.2618,76.3,89,100,5.21,moderate rain
198,Statesville,US,35.7826,-80.8873,58.35,61,0,0.0,clear sky
199,Tanete,ID,-3.9443,119.7848,83.48,74,89,3.2,overcast clouds
200,Berdigestyakh,RU,62.0989,126.6992,32.99,98,100,5.23,light snow
201,Yellowknife,CA,62.456,-114.3525,50.56,76,75,15.01,broken clouds
202,Brokopondo,SR,4.75,-55.1667,77.16,86,100,8.95,overcast clouds
203,Narsaq,GL,60.9167,-46.05,36.91,98,100,4.56,moderate rain
204,Kaitangata,NZ,-46.2817,169.8464,60.91,54,100,7.4,overcast clouds
205,Maceio,BR,-9.6658,-35.7353,76.44,88,40,5.75,scattered clouds
206,Eqbaliyeh,IR,35.3022,51.5358,67.82,22,0,2.15,clear sky
207,Avera,US,33.194,-82.5271,63.91,74,0,7.4,clear sky
208,Tarko-Sale,RU,64.9225,77.785,41.81,92,100,16.4,overcast clouds
209,Uttarkashi,IN,30.7333,78.45,63.34,75,40,3.78,scattered clouds
210,San Cristobal,VE,7.7669,-72.225,69.98,99,100,2.19,overcast clouds
211,Oranjemund,NA,-28.55,16.4333,58.66,88,100,3.29,overcast clouds
212,Casper,US,42.8666,-106.3131,64.72,27,6,3.0,clear sky
213,Bubaque,GW,11.2833,-15.8333,81.1,77,11,5.57,few clouds
214,Chernyshevskiy,RU,63.0128,112.4714,32.09,96,100,5.55,overcast clouds
215,Praya,CV,14.9215,-23.5087,77.22,80,60,10.76,broken clouds
216,Calvinia,ZA,-31.4707,19.776,64.24,41,100,9.28,overcast clouds
217,Lincoln,US,40.8,-96.667,68.16,47,7,3.49,clear sky
218,Dandong,CN,40.1292,124.3947,38.7,80,99,13.44,overcast clouds
219,Kirakira,SB,-10.4544,161.9205,84.13,72,49,5.91,scattered clouds
220,Carutapera,BR,-1.195,-46.02,78.66,80,28,6.91,scattered clouds
221,Chokurdakh,RU,70.6333,147.9167,22.03,92,100,12.62,overcast clouds
222,Victoria,HK,22.2855,114.1577,74.97,59,24,18.01,few clouds
223,Mbigou,GA,-1.9005,11.906,67.57,99,100,2.39,light rain
224,Xining,CN,36.6167,101.7667,41.14,36,100,1.68,overcast clouds
225,Zhezkazgan,KZ,47.8043,67.7144,33.78,75,0,4.47,clear sky
226,Hofn,IS,64.2539,-15.2082,41.09,57,100,26.44,overcast clouds
227,Okhotsk,RU,59.3833,143.3,29.55,46,27,9.24,scattered clouds
228,East London,ZA,-33.0153,27.9116,65.14,75,99,8.08,overcast clouds
229,Esik,KZ,43.3552,77.4525,35.02,66,8,3.56,clear sky
230,Saskylakh,RU,71.9167,114.0833,8.19,95,89,8.95,overcast clouds
231,Luba,GQ,3.4568,8.5547,76.89,86,99,6.2,overcast clouds
232,Komsomolskiy,UZ,40.4272,71.7189,52.52,54,32,4.61,scattered clouds
233,Qingquan,CN,30.4511,115.2559,56.01,42,97,3.94,overcast clouds
234,Yurimaguas,PE,-5.9,-76.0833,77.34,61,66,1.12,broken clouds
235,Pandi,PH,14.8872,120.8572,87.48,71,7,2.06,clear sky
236,La Roche-Sur-Yon,FR,46.6667,-1.4333,57.47,100,100,3.44,mist
237,Jiazi,CN,22.8779,116.067,69.44,66,100,15.14,overcast clouds
238,Cassilandia,BR,-19.1133,-51.7342,72.14,83,100,3.83,overcast clouds
239,Marienburg,PL,54.0359,19.0266,43.88,78,45,7.16,scattered clouds
240,Necochea,AR,-38.5473,-58.7368,43.54,74,0,5.68,clear sky
241,Thompson,CA,55.7435,-97.8558,48.36,61,40,4.61,scattered clouds
242,Senneterre,CA,48.3835,-77.2328,28.18,97,69,3.89,light snow
243,Bethel,US,41.3712,-73.414,54.48,77,34,3.6,scattered clouds
244,Payo,ID,-3.7508,103.6372,76.05,87,100,1.5,overcast clouds
245,Guerrero Negro,MX,27.9769,-114.0611,72.37,78,0,14.94,clear sky
246,Buala,SB,-8.145,159.5921,86.25,62,34,2.57,scattered clouds
247,Cabra,ES,37.4725,-4.4421,65.37,73,100,5.1,overcast clouds
248,Hargeysa,SO,9.56,44.065,69.87,66,0,4.18,clear sky
249,Oskarshamn,SE,57.2645,16.4484,45.79,91,13,8.84,few clouds
250,Sur,OM,22.5667,59.5289,78.71,47,9,2.62,clear sky
251,Hukuntsi,BW,-24.0,21.75,68.72,20,0,11.16,clear sky
252,Fairbanks,US,64.8378,-147.7164,34.61,94,100,13.8,light snow
253,Behat,IN,30.1667,77.6167,69.1,90,96,0.65,overcast clouds
254,Ulaangom,MN,49.9811,92.0667,34.95,40,100,3.09,overcast clouds
255,Norsup,VU,-16.0667,167.3833,81.66,75,83,12.17,broken clouds
256,Maragogi,BR,-9.0122,-35.2225,76.57,87,100,12.68,overcast clouds
257,Samana,DO,19.2056,-69.3369,77.58,87,1,8.14,clear sky
258,Severodvinsk,RU,64.5635,39.8302,39.31,88,1,12.62,clear sky
259,Rocha,UY,-34.4833,-54.3333,42.6,78,0,2.91,clear sky
260,Cayenne,GF,4.9333,-52.3333,80.64,83,20,3.44,light rain
261,Taylorville,US,39.5489,-89.2945,59.88,47,0,6.91,clear sky
262,Pangnirtung,CA,66.1451,-65.7125,24.73,59,73,3.76,broken clouds
263,Khani,GE,41.9563,42.9566,51.37,96,100,3.56,light rain
264,Pasighat,IN,28.0667,95.3333,73.33,97,97,1.1,overcast clouds
265,Dingle,PH,10.9995,122.6711,83.68,76,93,4.74,overcast clouds
266,Mocuba,MZ,-16.8392,36.9856,70.05,91,0,2.89,clear sky
267,Belmonte,BR,-15.8631,-38.8828,75.42,85,3,9.24,clear sky
268,Svetlaya,RU,46.5389,138.3297,48.9,81,100,13.24,moderate rain
269,Gamba,GA,-2.65,10.0,75.97,89,100,5.66,light rain
270,Los Llanos De Aridane,ES,28.6585,-17.9182,69.55,88,100,13.8,overcast clouds
271,Karratha,AU,-20.7377,116.8463,81.27,29,6,8.39,clear sky
272,Stabat,ID,3.761,98.4513,77.2,84,99,1.66,overcast clouds
273,Qandala,SO,11.472,49.8728,79.16,57,62,3.51,broken clouds
274,Salinopolis,BR,-0.6136,-47.3561,80.4,82,22,10.42,few clouds
275,Tigil,RU,57.8,158.6667,34.88,83,37,15.64,light snow
276,Dumas,US,35.8656,-101.9732,61.61,77,0,4.61,clear sky
277,Flinders,AU,-34.5833,150.8552,58.24,67,99,4.56,overcast clouds
278,Atar,MR,20.5169,-13.0499,89.15,33,100,2.57,overcast clouds
279,Leningradskiy,RU,69.3833,178.4167,20.14,71,65,15.64,broken clouds
280,Chuy,UY,-33.6971,-53.4616,45.77,76,0,4.94,clear sky
281,Codrington,AU,-38.2667,141.9667,59.11,62,6,6.58,clear sky
282,Longyearbyen,SJ,78.2186,15.6401,35.44,75,40,8.05,scattered clouds
283,Ilhabela,BR,-23.7781,-45.3581,70.14,98,100,5.93,light rain
284,Vostok,RU,46.4856,135.8833,45.95,51,100,4.72,overcast clouds
285,Aksu,CN,41.1231,80.2644,53.98,36,13,2.19,few clouds
286,Labuhan,ID,-6.8844,112.2051,82.2,74,35,6.42,scattered clouds
287,Huaraz,PE,-9.5333,-77.5333,55.42,81,100,3.36,light rain
288,Ipixuna,BR,-1.7625,-48.8043,77.23,84,16,5.75,few clouds
289,Kavieng,PG,-2.5744,150.7967,84.34,58,99,12.19,overcast clouds
290,Balaipungut,ID,1.05,101.2833,76.21,95,100,2.19,moderate rain
291,Hanzhong,CN,33.0728,107.0303,49.39,61,100,2.55,overcast clouds
292,Ialibu,PG,-6.2821,143.9935,67.01,81,54,1.07,broken clouds
293,Inhambane,MZ,-23.865,35.3833,70.34,86,0,3.65,clear sky
294,Ubatuba,BR,-23.4339,-45.0711,70.77,97,100,1.92,moderate rain
295,Krasnoselkup,RU,65.7,82.4667,39.16,95,100,15.82,light rain
296,Menongue,AO,-14.6585,17.691,63.3,28,9,5.59,clear sky
297,Parabel,RU,58.6978,81.4825,40.01,94,79,10.27,broken clouds
298,Holme,DK,56.1138,10.1725,53.17,89,9,15.17,clear sky
299,Popondetta,PG,-8.7537,148.2534,80.82,87,76,3.98,broken clouds
300,Shelabolikha,RU,53.4131,82.6167,46.67,81,100,13.65,overcast clouds
301,Garissa,KE,-0.4536,39.6401,71.74,82,2,14.67,clear sky
302,Kaberamaido,UG,1.7389,33.1594,65.77,91,100,2.48,light rain
303,Soe,ID,-9.8607,124.284,80.96,50,79,5.57,broken clouds
304,Severo-Kurilsk,RU,50.6789,156.125,46.72,61,32,13.65,scattered clouds
305,Tuatapere,NZ,-46.1333,167.6833,61.32,61,100,10.36,overcast clouds
306,Kruisfontein,ZA,-34.0033,24.7314,55.89,94,99,4.52,overcast clouds
307,Whitehorse,CA,60.7161,-135.0538,50.02,53,40,29.93,scattered clouds
308,Mosquera,CO,4.7059,-74.2302,53.69,94,75,2.3,broken clouds
309,Ornskoldsvik,SE,63.2909,18.7153,36.55,100,100,2.3,overcast clouds
310,Olinda,BR,-8.0089,-34.8553,80.33,74,75,11.5,broken clouds
311,Deniliquin,AU,-35.5333,144.9667,60.4,51,87,1.63,overcast clouds
312,San Quintin,MX,30.4833,-115.95,71.02,79,5,10.29,clear sky
313,Impfondo,CG,1.6381,18.0667,70.68,98,100,4.27,light rain
314,Ukiah,US,39.1502,-123.2078,85.37,34,0,1.99,clear sky
315,Sao Joao Da Barra,BR,-21.6403,-41.0511,75.29,86,100,17.05,overcast clouds
316,Olafsvik,IS,64.8945,-23.7142,36.32,65,100,11.61,overcast clouds
317,Kenai,US,60.5544,-151.2583,48.15,63,48,2.77,scattered clouds
318,Boundiali,CI,9.5217,-6.4869,73.04,82,35,2.15,scattered clouds
319,Melfi,IT,40.9965,15.6514,60.04,75,100,2.95,overcast clouds
320,Bangkalan,ID,-7.0455,112.7351,82.35,77,100,3.91,overcast clouds
321,Rio Gallegos,AR,-51.6226,-69.2181,53.65,58,0,12.66,clear sky
322,Bengkulu,ID,-3.8004,102.2655,77.32,81,100,2.13,overcast clouds
323,Katsuura,JP,35.1333,140.3,77.5,86,100,24.72,overcast clouds
324,Kiruna,SE,67.8557,20.2251,38.32,81,75,14.97,broken clouds
325,Tarandacuao,MX,20.0,-100.5333,57.43,82,100,5.97,overcast clouds
326,Zhigansk,RU,66.7697,123.3711,23.0,93,95,14.09,overcast clouds
327,Naze,JP,28.3667,129.4833,76.12,69,91,15.32,overcast clouds
328,Blagoyevo,RU,63.3667,47.9167,38.95,95,14,7.18,few clouds
329,Nalut,LY,30.3333,10.85,72.27,28,3,8.37,clear sky
330,Tapes,BR,-30.6733,-51.3958,52.5,66,98,6.46,overcast clouds
331,Puerto Carreno,CO,6.189,-67.4859,78.3,87,100,4.68,overcast clouds
332,Algiers,DZ,36.7525,3.042,71.92,62,1,2.86,clear sky
333,Kondopoga,RU,62.2057,34.2614,38.88,91,0,6.15,clear sky
334,Jinka,ET,5.65,36.65,62.62,82,98,5.91,light rain
335,Ayorou,NE,14.7308,0.9174,89.28,33,25,6.85,scattered clouds
336,Kuah,MY,6.3265,99.8432,78.78,83,20,2.3,few clouds
337,Hirtshals,DK,57.5881,9.9592,49.51,83,0,18.88,clear sky
338,Peleduy,RU,59.6289,112.7406,36.48,97,100,9.51,overcast clouds
339,Saposoa,PE,-6.934,-76.7716,75.31,67,69,3.36,broken clouds
340,Antofagasta,CL,-23.65,-70.4,58.28,81,44,3.8,scattered clouds
341,Haines Junction,CA,60.7522,-137.5108,49.95,34,41,10.36,scattered clouds
342,Yagoua,CM,10.3411,15.2329,75.2,83,78,3.42,broken clouds
343,Luang Prabang,LA,19.8856,102.1347,75.16,88,75,0.0,mist
344,Monrovia,LR,6.3005,-10.7969,76.93,88,36,3.56,light rain
345,Roald,NO,62.5833,6.1333,57.76,58,75,19.57,broken clouds
346,Tucuman,AR,-26.8241,-65.2226,57.2,26,0,5.75,clear sky
347,Aykhal,RU,66.0,111.5,14.36,100,95,1.7,overcast clouds
348,Abu Zabad,SD,12.35,29.25,74.61,80,6,6.96,clear sky
349,Shetpe,KZ,44.1667,52.1167,57.34,33,80,25.5,broken clouds
350,Santa Catarina De Tepehuanes,MX,25.35,-105.7333,62.38,61,7,3.67,clear sky
351,Darnah,LY,32.767,22.6367,70.95,69,0,12.64,clear sky
352,Hokitika,NZ,-42.7167,170.9667,56.86,75,100,13.15,overcast clouds
353,Eureka,US,40.8021,-124.1637,55.92,81,3,1.99,clear sky
354,Soyo,AO,-6.1349,12.3689,75.47,87,38,7.14,scattered clouds
355,Hamilton,US,39.1834,-84.5333,54.09,65,0,3.09,clear sky
356,Lask,PL,51.5906,19.1328,41.36,97,0,8.03,clear sky
357,Wladyslawowo,PL,54.7909,18.4009,45.93,75,3,9.26,clear sky
358,Tura,IN,25.5198,90.2201,72.77,97,28,3.51,scattered clouds
359,Foumban,CM,5.7291,10.9001,60.53,92,93,3.18,overcast clouds
360,Saint-Augustin,CA,51.226,-58.6502,42.73,74,100,8.75,overcast clouds
361,Kahului,US,20.8947,-156.47,82.98,83,69,5.01,broken clouds
362,Eyl,SO,7.9803,49.8164,77.56,78,11,11.88,few clouds
363,Zatoka,UA,46.0725,30.4654,56.14,76,4,21.74,clear sky
364,Luanda,AO,-8.8368,13.2343,73.49,85,38,10.16,scattered clouds
365,Nabire,ID,-3.3667,135.4833,80.2,81,96,1.36,overcast clouds
366,Karakol,KG,42.4907,78.3936,41.83,63,20,3.11,few clouds
367,Fort Nelson,CA,58.8053,-122.7002,71.19,35,75,6.91,broken clouds
368,Bambous Virieux,MU,-20.3428,57.7575,70.21,73,20,11.5,light rain
369,Ohara,JP,35.25,140.3833,77.13,87,100,24.2,overcast clouds
370,Izmit,TR,40.7669,29.9169,57.69,92,33,2.35,scattered clouds
371,Bani,DO,18.2833,-70.3333,77.86,81,2,10.07,clear sky
372,Anadyr,RU,64.75,177.4833,28.9,63,20,8.95,few clouds
373,Usevya,TZ,-7.1,31.2333,74.41,36,19,8.66,few clouds
374,Misratah,LY,32.3754,15.0925,74.14,68,4,10.87,clear sky
375,Alice Springs,AU,-23.7,133.8833,71.15,21,11,10.36,few clouds
376,Altamira,BR,-3.2033,-52.2064,75.49,82,22,4.5,few clouds
377,Malanje,AO,-9.5402,16.341,65.95,84,0,4.99,clear sky
378,Tongchuan,CN,35.0806,109.0897,47.12,30,100,1.1,overcast clouds
379,Oktyabrskiy,RU,54.4815,53.471,44.04,81,75,6.93,broken clouds
380,Marabba,SD,12.35,32.1833,75.24,78,83,9.73,broken clouds
381,Akdepe,TM,42.0551,59.3788,48.29,44,0,10.6,clear sky
382,Yulara,AU,-25.2406,130.9889,75.56,15,10,14.2,clear sky
383,Coihaique,CL,-45.5752,-72.0662,46.35,57,20,8.05,few clouds
384,Alofi,NU,-19.0595,-169.9187,75.09,94,100,10.36,overcast clouds
385,Henties Bay,NA,-22.116,14.2845,59.18,95,97,7.7,overcast clouds
386,Muravlenko,RU,63.7898,74.523,42.13,89,100,14.36,overcast clouds
387,Adre,TD,13.4667,22.2,75.88,68,92,3.27,overcast clouds
388,Yangambi,CD,0.8102,24.4336,69.1,98,98,0.67,overcast clouds
389,Barra Do Garcas,BR,-15.89,-52.2567,73.74,84,96,5.14,overcast clouds
390,Mandera,KE,3.9366,41.867,77.09,66,2,11.48,clear sky
391,Tuktoyaktuk,CA,69.4541,-133.0374,35.6,100,100,5.75,fog
392,Cap Malheureux,MU,-19.9842,57.6142,70.47,69,16,3.0,few clouds
393,Byron Bay,AU,-28.65,153.6167,65.95,63,100,14.2,overcast clouds
394,Santa Rosa,PH,14.3122,121.1114,86.11,71,7,2.89,clear sky
395,Bambanglipuro,ID,-7.95,110.2833,80.46,80,98,4.23,overcast clouds
396,Nipawin,CA,53.3668,-104.0009,60.84,41,0,5.75,clear sky
397,Jatiroto,ID,-7.8833,111.1167,78.48,82,100,3.24,overcast clouds
398,Batagay-Alyta,RU,67.8006,130.4114,16.47,82,96,3.4,overcast clouds
399,Morro Bay,US,35.3658,-120.8499,77.4,69,27,3.0,scattered clouds
400,Talara,PE,-4.5772,-81.2719,63.9,89,91,12.64,overcast clouds
401,Kerouane,GN,9.2667,-9.0167,69.55,95,100,1.54,overcast clouds
402,Salamanca,ES,40.8333,-6.0,62.62,60,100,1.9,overcast clouds
403,Westport,US,41.1415,-73.3579,57.18,66,59,3.0,broken clouds
404,Kieta,PG,-6.2167,155.6333,84.65,60,39,3.78,scattered clouds
405,Roma,US,43.2128,-75.4557,50.86,82,90,1.01,overcast clouds
406,Beloha,MG,-25.1667,45.05,68.95,97,32,6.2,scattered clouds
407,Ust-Kuyga,RU,70.0167,135.6,15.84,96,87,2.39,overcast clouds
408,Wuchi,CN,29.3786,103.023,42.87,93,100,1.43,overcast clouds
409,Nishihara,JP,26.1842,127.7558,78.08,65,75,25.32,broken clouds
410,Mao,ES,39.8885,4.2658,63.16,94,0,3.44,clear sky
411,Nerchinskiy Zavod,RU,51.3088,119.61,34.95,41,23,5.75,few clouds
412,Vila Velha,BR,-20.3297,-40.2925,76.95,83,20,12.66,few clouds
413,Raudeberg,NO,61.9875,5.1352,52.95,25,98,38.45,light rain
414,Broome,US,42.2506,-75.833,52.54,87,12,1.9,few clouds
415,Araouane,ML,18.9048,-3.5265,92.23,13,11,6.29,few clouds
416,Palmer,US,42.1584,-72.3287,52.18,81,8,3.09,clear sky
417,Bandarbeyla,SO,9.4942,50.8122,76.32,88,99,14.07,overcast clouds
418,Baiao,BR,-2.7906,-49.6717,78.51,79,19,5.48,few clouds
419,Mandiana,GN,10.6333,-8.6833,72.28,92,53,3.11,broken clouds
420,Sungairaya,ID,0.7,108.9,77.81,85,100,3.11,overcast clouds
421,Lubbock,US,33.6001,-101.8338,61.14,83,100,6.6,overcast clouds
422,Izhma,RU,65.0083,53.9113,39.63,92,29,8.01,scattered clouds
423,Ruangwa,TZ,-10.0667,38.9333,65.44,89,9,2.91,clear sky
424,Amuntai,ID,-2.4177,115.2494,73.33,99,100,0.98,overcast clouds
425,Patiya,BD,22.2931,91.9762,77.4,90,19,2.37,few clouds
426,Sibu,MY,2.3,111.8167,74.19,95,98,1.74,overcast clouds
427,San Jose,US,37.3394,-121.895,76.84,64,0,10.36,clear sky
428,Innisfail,AU,-17.5333,146.0333,77.74,79,100,8.7,overcast clouds
429,Broken Hill,AU,-31.95,141.4333,64.35,29,82,9.46,broken clouds
430,Bombay,IN,19.0144,72.8479,78.78,100,97,3.44,mist
431,Morant Bay,JM,17.8815,-76.4093,80.71,84,14,9.33,few clouds
432,Geraldton,AU,-28.7667,114.6,63.01,82,100,11.5,overcast clouds
433,Lakatoro,VU,-16.0999,167.4164,81.68,74,76,11.7,broken clouds
434,Wenatchee,US,47.4235,-120.3103,78.26,39,8,4.38,clear sky
435,Kagoro,NG,9.6,8.3833,66.43,95,62,2.39,broken clouds
436,Rohri,PK,27.6922,68.8951,78.1,35,0,3.53,clear sky
437,Libreville,GA,0.3925,9.4537,76.78,88,100,5.93,light rain
438,Kadyy,RU,57.787,43.1903,48.94,91,100,4.12,overcast clouds
439,Coquimbo,CL,-29.9533,-71.3436,54.0,86,13,2.19,few clouds
440,Baikunthpur,IN,23.25,82.55,71.44,94,89,3.02,overcast clouds
441,Bairiki,KI,1.3292,172.9752,80.83,79,17,14.0,light rain
442,Tarakan,ID,3.3,117.6333,83.7,74,20,5.75,few clouds
443,Chifeng,CN,42.2683,118.9636,41.27,36,12,26.28,few clouds
444,Mahonda,TZ,-6.45,39.4667,75.51,74,60,16.17,broken clouds
445,Mitsamiouli,KM,-11.3847,43.2844,75.11,75,1,8.08,clear sky
446,Maltahohe,NA,-24.8333,16.9833,71.44,14,100,4.85,overcast clouds
447,Two Hills,CA,53.7169,-111.7518,59.7,38,100,8.21,overcast clouds
448,Bathsheba,BB,13.2167,-59.5167,81.3,80,100,12.37,overcast clouds
449,Oussouye,SN,12.485,-16.5469,75.42,90,98,4.88,overcast clouds
450,Gari,RU,59.4307,62.3497,46.56,84,100,12.5,overcast clouds
451,San Clemente,US,33.427,-117.612,82.26,81,19,1.99,few clouds
452,Victoria Point,AU,-27.5833,153.3,72.81,75,100,10.0,overcast clouds
453,Cardston,CA,49.2,-113.3019,61.54,34,12,3.15,few clouds
454,Kyabe,TD,9.4515,18.9449,70.25,87,99,1.43,overcast clouds
455,Cabedelo,BR,-6.9811,-34.8339,77.16,81,8,13.78,light rain
456,Tabou,CI,4.423,-7.3528,76.08,90,6,4.25,light rain
457,Dafeng,CN,23.4517,108.5881,66.38,51,42,11.41,scattered clouds
458,Rio Grande,BR,-32.035,-52.0986,48.31,67,3,8.19,clear sky
459,Caselle Torinese,IT,45.1778,7.6426,61.11,94,100,6.91,moderate rain
460,Cidreira,BR,-30.1811,-50.2056,55.4,64,100,9.57,overcast clouds
461,Carlyle,US,38.6103,-89.3726,58.95,60,0,1.01,clear sky
462,Kutum,SD,14.2,24.6667,74.39,26,70,9.08,broken clouds
463,Baykit,RU,61.67,96.37,35.47,95,100,1.86,overcast clouds
464,Faya,SA,18.3851,42.4509,59.41,24,1,5.44,clear sky
465,Lumut,MY,4.2323,100.6298,79.2,80,46,4.79,scattered clouds
466,Kolyvan,RU,55.3053,82.7391,42.42,87,100,14.65,overcast clouds
467,Ust-Nera,RU,64.5667,143.2,18.68,91,100,7.05,light snow
468,Red Bluff,US,40.1785,-122.2358,89.53,16,0,4.52,clear sky
469,Inyonga,TZ,-6.7167,32.0667,74.79,33,100,7.34,overcast clouds
470,Agadez,NE,19.75,10.25,76.21,23,0,8.77,clear sky
471,Iracoubo,GF,5.4802,-53.2011,79.81,85,94,9.8,overcast clouds
472,Madison,US,34.7334,-86.5667,57.65,61,0,0.0,clear sky
473,Marsa Matruh,EG,31.3525,27.2453,70.14,67,1,5.95,clear sky
474,Santa Cruz,BO,-17.8,-63.1667,69.85,38,100,10.45,overcast clouds
475,Camabatela,AO,-8.1881,15.375,62.55,98,100,4.05,overcast clouds
476,Poronaysk,RU,49.2167,143.1167,51.73,73,100,8.7,overcast clouds
477,Lazaro Cardenas,MX,17.9583,-102.2,81.54,81,18,7.74,few clouds
478,Ushtobe,KZ,45.2514,77.9838,40.71,67,0,2.33,clear sky
479,Kavaratti,IN,10.5669,72.642,80.6,78,100,6.11,overcast clouds
480,Ler,SS,8.3018,30.1418,70.16,91,38,1.83,scattered clouds
481,Clyde River,CA,70.4692,-68.5914,9.86,92,84,4.5,broken clouds
482,Muscat,OM,23.6139,58.5922,80.96,35,0,3.69,clear sky
483,Erzin,TR,36.9559,36.2,65.32,76,0,2.42,clear sky
484,Madang,PG,-5.2246,145.7966,83.46,71,100,2.42,overcast clouds
485,Dongsheng,CN,39.8161,109.9776,36.36,22,0,3.98,clear sky
486,Mount Gambier,AU,-37.8333,140.7667,60.42,52,85,5.5,overcast clouds
487,Pangoa,PE,-12.1167,-73.0,67.75,98,100,3.42,overcast clouds
488,Mujiayingzi,CN,42.1167,118.7833,39.65,39,10,25.41,clear sky
489,Yabrud,SY,33.9674,36.6574,51.91,81,0,1.59,clear sky
490,Manoel Urbano,BR,-8.8389,-69.2597,75.29,82,96,1.59,overcast clouds
491,Teguldet,RU,57.3064,88.1667,45.28,79,100,7.38,overcast clouds
492,Kudat,MY,6.8837,116.8477,82.13,76,100,13.89,overcast clouds
493,Dzerzhinskoye,RU,56.8344,95.2283,42.84,68,65,6.42,broken clouds
494,La Ronge,CA,55.1001,-105.2842,54.97,58,100,6.51,overcast clouds
495,Hailar,CN,49.2,119.7,36.59,39,13,6.31,few clouds
496,Sao Jose Da Coroa Grande,BR,-8.8978,-35.1478,76.66,88,97,12.57,overcast clouds
497,Panacan,PH,9.2463,118.4082,82.2,77,100,2.51,overcast clouds
498,Paramirim,BR,-13.4425,-42.2389,78.46,45,0,10.07,clear sky
499,Gbarnga,LR,6.9956,-9.4722,70.29,100,47,1.79,light rain
500,Comodoro Rivadavia,AR,-45.8667,-67.5,55.58,46,0,10.38,clear sky
501,Strezhevoy,RU,60.7333,77.5889,36.73,93,100,7.11,overcast clouds
502,Aswan,EG,24.0934,32.907,74.66,38,0,12.73,clear sky
503,Asfi,MA,32.2994,-9.2372,67.86,91,100,7.23,overcast clouds
504,Scarborough,GB,54.2797,-0.4044,51.33,87,100,4.0,moderate rain
505,Te Anau,NZ,-45.4167,167.7167,55.49,74,100,8.41,overcast clouds
506,Marsh Harbour,BS,26.5412,-77.0636,82.31,73,97,11.7,overcast clouds
507,Atherton,GB,53.5237,-2.4935,51.75,92,100,1.99,overcast clouds
508,Yafran,LY,32.0633,12.5286,68.9,35,98,8.32,overcast clouds
509,Jacareacanga,BR,-6.2222,-57.7528,80.98,51,100,2.15,overcast clouds
510,Russell,US,32.3502,-85.1999,60.01,33,0,5.95,clear sky
511,Vao,NC,-22.6667,167.4833,73.18,75,56,21.72,broken clouds
512,Hervey Bay,AU,-25.2986,152.8535,69.03,84,75,14.0,broken clouds
513,Lewiston,US,44.1003,-70.2148,51.24,86,30,1.01,scattered clouds
514,Mackay,AU,-21.15,149.2,84.69,73,17,16.33,few clouds
515,Kuruman,ZA,-27.4524,23.4325,68.99,31,11,9.71,few clouds
516,Mananara,MG,-16.1667,49.7667,65.46,90,89,4.68,light rain
517,Fethiye,TR,36.6217,29.1164,57.07,55,0,5.03,clear sky
518,Quelimane,MZ,-17.8786,36.8883,70.74,96,3,3.91,clear sky
519,Puri,IN,19.8,85.85,77.52,79,95,5.03,overcast clouds
520,Zhelyabovka,UA,45.3988,34.7578,61.41,65,100,12.53,overcast clouds
521,Tilichiki,RU,60.4667,166.1,36.57,57,100,4.65,overcast clouds
522,Bereznik,RU,62.8551,42.7072,43.83,74,100,7.29,overcast clouds
523,Marzuq,YE,14.4,46.4667,69.62,62,9,3.31,clear sky
524,Kashi,CN,39.4547,75.9797,53.65,34,4,3.11,clear sky
525,Waipawa,NZ,-41.4122,175.5153,60.53,54,0,15.73,clear sky
526,Rauma,FI,61.1272,21.5113,50.04,87,100,16.87,overcast clouds
527,Muswellbrook,AU,-32.2667,150.9,67.33,59,62,8.37,broken clouds
528,Takoradi,GH,4.8845,-1.7554,75.87,91,100,6.6,light rain
529,Bilibino,RU,68.0546,166.4372,16.52,93,100,6.08,light snow
530,Porto Novo,BJ,6.4965,2.6036,75.04,86,43,0.47,scattered clouds
531,Cedartown,US,34.0537,-85.255,55.63,70,0,3.87,clear sky
532,Galashki,RU,43.1136,44.9894,49.15,82,100,4.9,overcast clouds
533,Santa Luzia,BR,-19.7697,-43.8514,72.5,73,100,3.69,overcast clouds
534,Mastic Beach,US,40.7668,-72.8521,57.4,67,10,5.01,clear sky
535,Kupang,ID,-10.1667,123.5833,90.18,62,20,8.05,few clouds
536,Conceicao Do Araguaia,BR,-8.2578,-49.2647,80.91,58,59,2.86,broken clouds
537,Amahai,ID,-3.3333,128.9167,83.55,74,23,1.05,few clouds
538,Ndele,CF,8.4109,20.6473,69.01,96,54,0.69,broken clouds
539,Ibia,BR,-19.4783,-46.5389,71.91,80,100,2.51,overcast clouds
540,Port Blair,IN,11.6667,92.75,79.5,78,100,8.55,overcast clouds
541,Matagami,CA,49.7502,-77.6328,32.11,100,75,4.61,broken clouds
542,Rivadavia,AR,-33.1905,-68.4608,60.01,16,0,9.57,clear sky
543,Khonsa,IN,27.0167,95.5667,67.39,97,100,2.26,overcast clouds
544,Bin Qirdan,TN,33.1378,11.2197,75.54,47,100,7.87,overcast clouds
545,Raahe,FI,64.6833,24.4833,44.69,86,100,18.37,overcast clouds
546,Porto Nacional,BR,-10.7081,-48.4172,77.0,49,5,1.52,clear sky
547,Saint-Pierre,RE,-21.3393,55.4781,68.92,64,40,9.22,scattered clouds
548,Deputatskiy,RU,69.3,139.9,12.6,93,100,4.7,overcast clouds
549,Belmopan,BZ,17.25,-88.7667,75.58,99,100,1.45,overcast clouds
550,Radviliskis,LT,55.8167,23.5333,39.25,100,20,6.91,mist
551,Soma,TR,39.1855,27.6094,55.4,83,0,6.6,clear sky
552,Deer Lake,CA,49.1667,-57.4316,44.8,77,100,11.16,overcast clouds
553,Krasnouralsk,RU,58.3638,60.0407,45.5,84,100,12.37,overcast clouds
554,Krasyliv,UA,49.6519,26.9725,41.16,92,0,7.49,clear sky
555,Rundu,NA,-17.9333,19.7667,66.4,18,0,6.38,clear sky
556,Konstantinovka,RU,49.6167,127.9833,37.49,38,0,7.27,clear sky
557,Mto Wa Mbu,TZ,-3.35,35.85,64.89,80,54,2.59,broken clouds
558,Lata,PT,40.1629,-8.3327,62.82,84,100,0.69,overcast clouds
559,Sao Filipe,CV,14.8961,-24.4956,78.12,75,18,5.79,few clouds
560,Yar-Sale,RU,66.8333,70.8333,39.88,92,100,9.26,overcast clouds
561,Bardiyah,LY,31.7561,25.0865,69.39,64,1,6.26,clear sky
562,Filingue,NE,14.3521,3.3168,86.86,40,0,8.81,clear sky
563,Mmathubudukwane,BW,-24.6,26.4333,69.69,28,0,2.66,clear sky
564,Prado,BR,-17.3411,-39.2208,74.88,86,0,7.78,clear sky
565,Chino Valley,US,34.7575,-112.4538,69.84,49,40,1.01,scattered clouds
566,Tromso,NO,69.6496,18.957,42.82,81,100,14.97,overcast clouds
567,Edgewater,US,28.9889,-80.9023,78.89,78,40,13.42,scattered clouds
568,Moose Factory,CA,51.2585,-80.6094,37.17,86,100,8.21,overcast clouds
569,Cartersville,US,34.1651,-84.7999,60.57,71,40,0.0,haze
570,General Roca,AR,-39.0333,-67.5833,56.62,17,5,3.18,clear sky
571,Honiara,SB,-9.4333,159.95,86.0,65,100,5.66,overcast clouds
572,Arman,RU,59.7,150.1667,28.02,68,18,2.08,few clouds
573,Vanavara,RU,60.34,102.2797,33.44,95,48,2.91,scattered clouds
574,Santa Isabel Do Rio Negro,BR,-0.4139,-65.0192,77.45,70,6,3.24,clear sky
575,Okha,RU,53.5739,142.9478,43.03,65,7,6.69,clear sky
576,Acari,PE,-15.4311,-74.6158,65.55,70,21,3.8,few clouds
577,Belen,TR,36.4891,36.2233,57.34,77,0,2.3,clear sky
578,Pisco,PE,-13.7,-76.2167,61.02,77,0,14.97,clear sky
579,Kemijarvi,FI,66.7131,27.4306,35.26,96,31,7.4,scattered clouds
580,Rajgarh,IN,28.6333,75.3833,72.32,87,100,10.18,overcast clouds
581,Chapais,CA,49.7834,-74.8492,28.6,95,32,8.14,scattered clouds
582,Spas,UA,48.8899,24.0629,40.33,93,5,2.37,clear sky
583,Dakar,SN,14.6937,-17.4441,77.88,75,98,8.23,light rain
584,Portland,US,45.5234,-122.6762,84.78,42,20,4.61,smoke
585,Nador,MA,35.174,-2.9287,70.05,83,20,2.3,few clouds
586,Miranda,CO,3.2499,-76.2281,65.88,93,63,4.38,broken clouds
587,Colac,AU,-38.3333,143.5833,58.17,48,40,4.09,scattered clouds
588,Angoche,MZ,-16.2325,39.9086,70.68,89,0,2.91,clear sky
589,Presidencia Roque Saenz Pena,AR,-26.7852,-60.4388,51.55,55,5,4.79,clear sky
590,Lat Yao,TH,15.751,99.7893,76.39,89,99,4.5,overcast clouds
591,Mogadishu,SO,2.0371,45.3438,76.57,86,31,15.01,scattered clouds
592,Katangli,RU,51.7102,143.2326,45.41,58,21,5.61,few clouds
593,Wiarton,CA,44.7407,-81.1332,47.03,82,37,4.32,scattered clouds
594,Kawalu,ID,-7.3817,108.2082,77.2,85,100,0.94,overcast clouds
595,Port Hedland,AU,-20.3167,118.5667,84.25,32,5,13.8,clear sky
596,Wilmington,US,34.2257,-77.9447,60.94,83,0,0.0,clear sky
597,Maniitsoq,GL,65.4167,-52.9,32.09,54,100,8.25,overcast clouds
598,Banepa,NP,27.6298,85.5214,64.72,94,40,0.0,scattered clouds
599,Det Udom,TH,14.906,105.0784,78.15,83,51,5.7,broken clouds
600,Ino,JP,33.55,133.4333,71.64,76,45,9.04,scattered clouds
601,Livramento,BR,-3.0254,-60.1803,88.47,74,0,0.0,clear sky
602,Swan Hill,AU,-35.3378,143.5544,63.1,45,14,2.8,few clouds
603,Almaznyy,RU,48.0448,40.045,56.98,71,100,7.29,overcast clouds
604,Pringsewu,ID,-5.3582,104.9744,76.33,87,100,2.73,overcast clouds
605,Pangody,RU,65.85,74.4859,42.24,95,100,13.42,overcast clouds
606,Seydi,TM,39.4816,62.9137,51.42,40,0,12.37,clear sky
607,Agua Verde,MX,22.9,-106.05,84.29,77,0,9.37,clear sky
608,Aban,RU,56.67,96.06,40.24,73,100,5.46,overcast clouds
609,Kiama,AU,-34.6833,150.8667,59.45,65,98,4.97,overcast clouds
610,Ust-Omchug,RU,61.15,149.6333,14.61,87,74,2.46,broken clouds
611,Belaya Gora,RU,68.5333,146.4167,25.41,59,98,8.9,overcast clouds
612,Yeppoon,AU,-23.1333,150.7333,76.78,71,37,14.99,scattered clouds
613,Luau,AO,-10.7073,22.2247,63.86,29,0,3.6,clear sky
614,Yacuiba,BO,-22.038,-63.6797,52.81,37,0,2.37,clear sky
615,Wynyard,AU,-41.0,145.7167,53.94,68,100,5.12,overcast clouds
616,Sistranda,NO,63.7256,8.834,51.76,70,100,12.19,overcast clouds
617,Flexeiras,BR,-9.1975,-35.7808,74.97,95,34,3.2,scattered clouds
618,Ondjiva,AO,-17.0667,15.7333,67.62,18,37,6.91,scattered clouds
619,Svetlyy,RU,54.675,20.1347,41.05,87,7,8.61,clear sky
620,Jati,PK,24.3539,68.2671,81.95,34,5,7.74,clear sky
621,Tinskoy,RU,56.1525,96.9161,38.53,78,100,7.87,overcast clouds
622,Raga,SS,8.4596,25.678,67.24,95,35,1.74,scattered clouds
623,Ambanja,MG,-13.6833,48.45,68.49,75,23,3.51,few clouds
624,Kloulklubed,PW,7.0419,134.2556,86.5,61,36,7.74,scattered clouds
625,Conakry,GN,9.538,-13.6773,76.96,86,100,3.6,moderate rain
626,Ellisras,ZA,-23.6649,27.7443,69.69,24,0,5.17,clear sky
627,Sajanan,TN,37.0573,9.2426,71.98,65,100,2.84,overcast clouds
628,Payyannur,IN,12.1,75.2,76.46,90,100,3.09,heavy intensity rain
629,Baoqing,CN,46.3317,132.2111,50.09,67,100,11.61,overcast clouds
630,Bay Roberts,CA,47.5999,-53.2648,46.26,95,5,8.32,clear sky
631,Kathu,TH,7.9178,98.3332,84.74,87,100,1.45,overcast clouds
632,Kabinda,CD,-6.1333,24.4833,67.39,65,10,2.59,clear sky
633,Kununurra,AU,-15.7667,128.7333,93.18,26,15,14.97,few clouds
634,Shasta Lake,US,40.6804,-122.3708,92.12,25,0,4.05,clear sky
635,Spasskoye,RU,44.6108,132.7969,46.94,81,100,14.97,overcast clouds
636,Bereda,ES,43.2686,-7.5406,58.41,100,100,2.53,overcast clouds
637,Parnamirim,BR,-5.9156,-35.2628,75.13,85,35,8.66,scattered clouds
638,Asyut,EG,27.181,31.1837,69.64,54,0,9.31,clear sky
639,Tutoia,BR,-2.7619,-42.2744,79.77,82,72,16.13,broken clouds
640,Guangyuan,CN,32.442,105.823,53.08,59,100,1.41,overcast clouds
641,Ketchikan,US,55.3422,-131.6461,57.18,100,100,17.27,moderate rain
642,Nara,JP,34.6851,135.8049,68.5,88,100,3.36,overcast clouds
643,Manokwari,ID,-0.8667,134.0833,83.68,70,91,4.88,overcast clouds
644,Vestmannaeyjar,IS,63.4427,-20.2734,38.7,66,6,33.24,clear sky
645,Bumba,CD,2.1833,22.4667,70.05,98,100,1.23,light rain
646,Arica,CL,-18.475,-70.3042,60.35,77,0,4.61,clear sky
647,Margate,GB,51.3813,1.3862,59.31,85,100,13.96,overcast clouds
648,Petropavlovsk-Kamchatskiy,RU,53.0452,158.6483,46.99,40,40,15.66,scattered clouds
649,Khasan,RU,42.4308,130.6434,51.8,88,100,23.69,overcast clouds
650,Villa Carlos Paz,AR,-31.4241,-64.4978,54.9,27,0,5.99,clear sky
651,Portales,US,34.1862,-103.3344,59.09,69,97,4.76,overcast clouds
652,Constitucion,CL,-35.3333,-72.4167,51.85,69,0,6.82,clear sky
653,Asau,RO,46.4333,26.4,51.28,85,48,2.95,scattered clouds
654,Natal,BR,-5.795,-35.2094,76.66,82,30,11.61,scattered clouds
655,Nha Trang,VN,12.25,109.1833,77.0,88,96,6.69,moderate rain
656,Xiuyan,CN,40.2928,123.2744,36.55,85,100,16.89,overcast clouds
657,Obama,JP,35.4958,135.746,69.96,87,100,7.54,overcast clouds
658,Roebourne,AU,-20.7833,117.1333,82.06,31,4,8.05,clear sky
659,Manzanillo,CU,20.3433,-77.1167,77.58,84,41,9.69,scattered clouds
660,Melita,CA,49.2681,-100.9967,51.85,52,19,5.61,few clouds
661,Kitoy,RU,52.6,103.9,29.28,67,100,3.24,overcast clouds
662,Yelizovo,RU,53.1873,158.3805,48.34,39,40,15.99,scattered clouds
663,Sao Miguel Do Araguaia,BR,-13.275,-50.1628,82.94,47,93,5.06,light rain
664,Basco,PH,20.4487,121.9702,81.18,77,100,27.27,overcast clouds
665,La Grande,US,45.3246,-118.0877,67.73,47,0,4.99,clear sky
666,Benguela,AO,-12.5763,13.4055,73.24,80,0,5.53,clear sky
667,Houma,US,29.5958,-90.7195,71.01,65,0,0.0,clear sky
668,Lima,PE,-12.0432,-77.0282,62.91,78,100,12.66,overcast clouds
669,Cahors,FR,44.4167,1.3333,54.9,93,96,6.08,overcast clouds
670,Pushkar,IN,26.5,74.55,72.66,91,6,2.3,clear sky
671,La Rioja,ES,42.25,-2.5,55.18,60,100,6.71,overcast clouds
672,Hambantota,LK,6.1241,81.1185,77.34,100,40,1.14,scattered clouds
673,Havelock,US,34.8791,-76.9013,62.94,85,0,3.96,clear sky
674,Nicoya,CR,10.1483,-85.452,72.86,97,100,4.18,overcast clouds
675,Nunkini,MX,20.3333,-90.1833,81.25,67,100,9.13,overcast clouds
676,Tanda,IN,26.55,82.65,73.27,95,100,8.75,heavy intensity rain
677,Jiuquan,CN,39.7432,98.5174,45.88,14,0,2.08,clear sky
678,Truro,GB,50.2653,-5.0544,60.08,94,75,4.61,broken clouds
679,Vrangel,RU,42.7297,133.0839,54.82,90,100,27.34,overcast clouds
680,Arnedo,ES,42.2167,-2.1,60.3,64,98,2.53,overcast clouds
681,Nantucket,US,41.2835,-70.0995,57.31,62,0,8.05,clear sky
682,Bohdan,UA,48.0412,24.3522,40.57,91,0,4.88,light rain
683,Kudahuvadhoo,MV,2.6708,72.8944,80.82,78,20,14.29,few clouds
684,Pyapon,MM,16.2833,95.6833,78.55,88,100,3.33,overcast clouds
685,Williston,US,48.147,-103.618,60.31,71,100,4.7,overcast clouds
686,Shostka,UA,51.863,33.4698,48.78,94,100,11.21,overcast clouds
687,Semnan,IR,35.5729,53.3971,61.45,30,0,1.77,clear sky
688,Saku,JP,36.2167,138.4833,57.63,98,100,2.48,overcast clouds
689,Palana,RU,59.1167,159.9667,32.0,83,98,17.76,overcast clouds
690,Boa Vista,BR,2.8197,-60.6733,82.38,61,20,5.75,few clouds
